Antigen,CDR3aa,TCRV,TCRJ
G12A,CATSELSDSTDTQYF,TCRBV24-1,TCRBJ02-3
G12A,CASRKSGLSQPQHF,TCRBV06-5,TCRBJ01-5
G12D,CASSLGQTNYGYTF,TCRBV05-6,TCRBJ01-2*01
G12D,CASSLGEGRVDGYTF,TCRBV05-6,TCRBJ01-2*01
G12D,CASSDPGTEAFF,TCRBV10-2,TCRBJ01-1*01
G12D,CASSFGQSSTYGYTF,TCRBV05-6,TCRAJ15*01
G12D,CASSLGRASNQPQHF,TCRBV05-6,
G12D,CSANPIAANSYNEQFF,TCRBV20-1*01,TCRBJ02-1*01
G12D,CSARDPATNEKLFF,TCRBV20-1*01,TCRBJ01-4*01
G12D,CASSLALGQGDTEAFF,TCRBV11-2*01,TCRBJ01-1*01
G12D,CASSQAWGGADGELFF,TCRBV04-2*01,TCRBJ02-2*01
G12D,CASSLAAGGYFNEQFF,TCRBV05-1*01,TCRBJ02-1*01  
G12D,CASSEALSGGAFGGELFF,TCRBV06-1,
G12D,CASSENLAGAANTGELFF,TCRBV06-1,
G12D,CASSLQGAMNTEAFF,TCRBV05-4,
G12D,CASSVTGGYPNTEAFF,TCRBV09*01,
G12D,CASSVSLTQYGYTF,TCRBV09-1,
G12D,CSVDERGGTHGYTF,TCRBV29-1,
G12D,CSALGGGNTGELFF,TCRBV20-1,
G12D,CASSYGPGQHNSPLH,TCRBV06-2*01,
G12R,CSASNRLAVNEQFF,TCRBV20-1*01 ,TCRBJ02-1*01
G12R,CASSNQLVTGGYGYTF,TCRBV19*02,TCRBJ02-6
G12R,CASKVYGYTF,TCRBV07-2,TCRBJ01-2
G12V,CAWSALAGARDTQYF,TCRBV30,TCRBJ02-3
G12V,CASSLGLPGTDTQYF,TCRBV12-4,TCRBJ02-3
G12V,CASSWERAGKAFF,TCRBV05-4,TCRBJ01-1
G12V,CSVESGQDYGYTF,TCRBV29-1*01,TCRBJ01-2*01 
G12V,CSASRGATGQPQHF,TCRBV20-1*03,TCRBJ01-5*01
G12V,CASSQDVTSEWVDTIYF,TCRBV04-3*01,TCRBJ01-3*01   
G12V,CASSQEDNEQFF,TCRBV04-3*01,TCRBJ02-1*01
G12V,CSAREGAGGMGTQYF,TCRBV13-1*01,TCRBV20-1*01
G12V,CASSLTSGGFDEQFF,TCRBV05-1*01,TCRBJ02-1*01
G12V,CASSVAGGGQETQYF,TCRBV09,TCRBJ02-5
G12V,CASSLSFRQGLREQYF,TCRBV28,TCRBJ02-7
G12V,CASTYLEATYEQYF,TCRBV07-8,TCRBJ02-7
G12V,CASSGAEGAYEQYF,,
G12V,CASRNLGDTQYF,,
G12V,CASSIGPQGKNIQYF,,
G12V,CASEGDGRASNEQFF,TCRBV05-01,TCRBJ02-01
G12V,CASIRLRGNTDTQYF,TCRBV21-01,TCRBJ02-03
G12V,CASSRPWELQETQYF,TCRBV07-08,TCRBJ02-05
G12V,CASRYHSGQGLQETQYF,TCRBV28-01,TCRBJ02-05
G13D,CASRLGNTGELFF ,TCRBV28*01,TCRBJ2-2*01
G13D,CASRQGNTGELF ,TCRBV28*01,TCRBJ2-2*01
G13D,CASSPGTENSPLHF,,
G13D,CASSGLTYTDTQYF,,
G13D,CASRQGNTGELFF,TCRBV28,TCRBJ02-02
G13D,CASSQGNTGELFF,,
G13D,CASRIGNTGELFF,,
G13D,CASSQTVPPQHF,TCRBV28,
